,Spline 5,Spline 10,Spline 15,Spline 20,Spline 25
0,0.8896428571428572,0.8867857142857143,0.8925,0.8851785714285714,0.8778571428571428
