,Spline 5,Spline 10,Spline 15,Spline 20,Spline 25
0,0.903214285714286,0.8939285714285715,0.8964285714285714,0.8910714285714286,0.8814285714285713
