,Spline 5,Spline 10,Spline 15,Spline 20,Spline 25
0,0.7832142857142855,0.7710714285714286,0.7660714285714287,0.7757142857142858,0.765357142857143
