,Spline 5,Spline 10
0,0.7832142857142855,0.7710714285714286
