,Spline 5,Spline 10,Spline 15,Spline 20,Spline 25
0,0.7789285714285714,0.7666071428571428,0.7744642857142856,0.7691071428571429,0.7732142857142857
