,Spline 5,Spline 10,Spline 15
0,0.9062711864406778,0.933728813559322,0.926949152542373
