,Spline 5,Spline 10,Spline 15,Spline 20,Spline 25
0,0.8961016949152539,0.9288135593220339,0.9313559322033899,0.9347457627118644,0.9449152542372882
